/*!40101 SET @OLD_CHARACTER_SET_CLIENT=@@CHARACTER_SET_CLIENT */;
/*!40101 SET NAMES utf8 */;
/*!50503 SET NAMES utf8mb4 */;
/*!40014 SET @OLD_FOREIGN_KEY_CHECKS=@@FOREIGN_KEY_CHECKS, FOREIGN_KEY_CHECKS=0 */;
/*!40101 SET @OLD_SQL_MODE=@@SQL_MODE, SQL_MODE='NO_AUTO_VALUE_ON_ZERO' */;

DROP DATABASE IF EXISTS `aplikacija`;
CREATE DATABASE IF NOT EXISTS `aplikacija` /*!40100 DEFAULT CHARACTER SET utf8 COLLATE utf8_unicode_ci */ /*!80016 DEFAULT ENCRYPTION='N' */;
USE `aplikacija`;

DROP TABLE IF EXISTS `administrator`;
CREATE TABLE IF NOT EXISTS `administrator` (
  `administrator_id` int unsigned NOT NULL AUTO_INCREMENT,
  `username` varchar(32) NOT NULL DEFAULT '0',
  `password_hash` varchar(128) NOT NULL DEFAULT '0',
  PRIMARY KEY (`administrator_id`),
  UNIQUE KEY `uq_administrator_username` (`username`)
) ENGINE=InnoDB AUTO_INCREMENT=10 DEFAULT CHARSET=utf8mb4 COLLATE=utf8mb4_0900_ai_ci;

DELETE FROM `administrator`;
/*!40000 ALTER TABLE `administrator` DISABLE KEYS */;
INSERT INTO `administrator` (`administrator_id`, `username`, `password_hash`) VALUES
	(1, 'sale', '18F94E0E8472D0558A8B2C8BC832C7D22B378B50DF8DA2F0AC1F34FB4AF4EC85392B2B41A956153D86E87F7547C1B19BC9808C3F9878202F063399975852165D'),
	(2, 'jjovic', '18F94E0E8472D0558A8B2C8BC832C7D22B378B50DF8DA2F0AC1F34FB4AF4EC85392B2B41A956153D86E87F7547C1B19BC9808C3F9878202F063399975852165D'),
	(4, 'ssalic', 'FF61854EE0BC762D8570AD75C95ED54EC2BAE9C581FBF51714F15EC96BAD673492C4B6DD61C3BE4F0D53D5C90CC9C06A6F7687036E4638A3938FDFC064537E96'),
	(6, 'admin', 'C7AD44CBAD762A5DA0A452F9E854FDC1E0E7A52A38015F23F3EAB1D80B931DD472634DFAC71CD34EBC35D16AB7FB8A90C81F975113D6C7538DC69DD8DE9077EC'),
	(7, 'test', 'EE26B0DD4AF7E749AA1A8EE3C10AE9923F618980772E473F8819A5D4940E0DB27AC185F8A0E1D5F84F88BC887FD67B143732C304CC5FA9AD8E6F57F50028A8FF'),
	(8, 'test2', '6D201BEEEFB589B08EF0672DAC82353D0CBD9AD99E1642C83A1601F3D647BCCA003257B5E8F31BDC1D73FBEC84FB085C79D6E2677B7FF927E823A54E789140D9'),
	(9, 'admin123', '7FCF4BA391C48784EDDE599889D6E3F1E47A27DB36ECC050CC92F259BFAC38AFAD2C68A1AE804D77075E8FB722503F3ECA2B2C1006EE6F6C7B7628CB45FFFD1D');
/*!40000 ALTER TABLE `administrator` ENABLE KEYS */;

DROP TABLE IF EXISTS `article`;
CREATE TABLE IF NOT EXISTS `article` (
  `article_id` int unsigned NOT NULL AUTO_INCREMENT,
  `name` varchar(128) NOT NULL DEFAULT '0',
  `category_id` int unsigned NOT NULL DEFAULT '0',
  `excerpt` varchar(255) NOT NULL DEFAULT '0',
  `description` text NOT NULL,
  `status` enum('available','visible','hidden') NOT NULL DEFAULT 'available',
  `is_promoted` tinyint unsigned NOT NULL DEFAULT '0',
  `created_at` timestamp NOT NULL DEFAULT CURRENT_TIMESTAMP,
  PRIMARY KEY (`article_id`),
  KEY `FK_article_category` (`category_id`),
  CONSTRAINT `FK_article_category` FOREIGN KEY (`category_id`) REFERENCES `category` (`category_id`) ON UPDATE CASCADE
) ENGINE=InnoDB AUTO_INCREMENT=5 DEFAULT CHARSET=utf8mb4 COLLATE=utf8mb4_0900_ai_ci;

DELETE FROM `article`;
/*!40000 ALTER TABLE `article` DISABLE KEYS */;
INSERT INTO `article` (`article_id`, `name`, `category_id`, `excerpt`, `description`, `status`, `is_promoted`, `created_at`) VALUES
	(1, 'Prozor', 5, 'Kratak opis', 'Detaljan opis', 'available', 0, '2020-08-28 17:41:14'),
	(2, 'Dvoslojni Prozor', 5, 'Neki kratak tekst 2', 'neki malo duzi tekst 2', 'visible', 1, '2020-08-28 21:10:51'),
	(3, 'Prozor', 5, 'kratak', 'duzi', 'available', 0, '2020-08-28 21:10:56'),
	(4, 'Francuski prozor', 3, 'Kratakak op[is', 'Detaljan opis necega', 'available', 0, '2020-09-01 16:46:35');
/*!40000 ALTER TABLE `article` ENABLE KEYS */;

DROP TABLE IF EXISTS `article_feature`;
CREATE TABLE IF NOT EXISTS `article_feature` (
  `article_feature_id` int unsigned NOT NULL AUTO_INCREMENT,
  `article_id` int unsigned NOT NULL DEFAULT '0',
  `feature_id` int unsigned NOT NULL DEFAULT '0',
  `value` varchar(255) NOT NULL DEFAULT '0',
  PRIMARY KEY (`article_feature_id`),
  UNIQUE KEY `uq_article_feature_article_id_feature_id` (`article_id`,`feature_id`),
  KEY `fk_article_feature_feature_id` (`feature_id`),
  CONSTRAINT `fk_article_feature_article_id` FOREIGN KEY (`article_id`) REFERENCES `article` (`article_id`) ON UPDATE CASCADE,
  CONSTRAINT `fk_article_feature_feature_id` FOREIGN KEY (`feature_id`) REFERENCES `feature` (`feature_id`) ON UPDATE CASCADE
) ENGINE=InnoDB AUTO_INCREMENT=17 DEFAULT CHARSET=utf8mb4 COLLATE=utf8mb4_0900_ai_ci;

DELETE FROM `article_feature`;
/*!40000 ALTER TABLE `article_feature` DISABLE KEYS */;
INSERT INTO `article_feature` (`article_feature_id`, `article_id`, `feature_id`, `value`) VALUES
	(1, 1, 1, 'jedno krilni'),
	(2, 1, 2, 'dvokrilni'),
	(11, 2, 1, 'alu'),
	(12, 2, 3, 'vrata'),
	(14, 4, 8, 'Promo'),
	(15, 4, 1, '16"'),
	(16, 4, 9, 'primer');
/*!40000 ALTER TABLE `article_feature` ENABLE KEYS */;

DROP TABLE IF EXISTS `article_price`;
CREATE TABLE IF NOT EXISTS `article_price` (
  `article_price_id` int unsigned NOT NULL AUTO_INCREMENT,
  `article_id` int unsigned NOT NULL DEFAULT '0',
  `price` decimal(10,2) unsigned NOT NULL DEFAULT '0.00',
  `created_at` timestamp NOT NULL DEFAULT CURRENT_TIMESTAMP,
  PRIMARY KEY (`article_price_id`),
  KEY `fk_article_price_article_id` (`article_id`),
  CONSTRAINT `fk_article_price_article_id` FOREIGN KEY (`article_id`) REFERENCES `article` (`article_id`) ON UPDATE CASCADE
) ENGINE=InnoDB AUTO_INCREMENT=7 DEFAULT CHARSET=utf8mb4 COLLATE=utf8mb4_0900_ai_ci;

DELETE FROM `article_price`;
/*!40000 ALTER TABLE `article_price` DISABLE KEYS */;
INSERT INTO `article_price` (`article_price_id`, `article_id`, `price`, `created_at`) VALUES
	(1, 1, 45.00, '2020-08-28 18:04:42'),
	(2, 1, 43.00, '2020-08-28 18:05:01'),
	(3, 2, 56.00, '2020-08-28 21:10:51'),
	(4, 3, 56.00, '2020-08-28 21:10:56'),
	(5, 2, 59.12, '2020-08-30 19:44:07'),
	(6, 4, 200.00, '2020-09-01 16:48:18');
/*!40000 ALTER TABLE `article_price` ENABLE KEYS */;

DROP TABLE IF EXISTS `cart`;
CREATE TABLE IF NOT EXISTS `cart` (
  `cart_id` int unsigned NOT NULL AUTO_INCREMENT,
  `user_id` int unsigned NOT NULL DEFAULT '0',
  `created_at` timestamp NOT NULL DEFAULT CURRENT_TIMESTAMP,
  PRIMARY KEY (`cart_id`),
  KEY `fk_cart_user_id` (`user_id`),
  CONSTRAINT `fk_cart_user_id` FOREIGN KEY (`user_id`) REFERENCES `user` (`user_id`) ON UPDATE CASCADE
) ENGINE=InnoDB AUTO_INCREMENT=4 DEFAULT CHARSET=utf8mb4 COLLATE=utf8mb4_0900_ai_ci;

DELETE FROM `cart`;
/*!40000 ALTER TABLE `cart` DISABLE KEYS */;
INSERT INTO `cart` (`cart_id`, `user_id`, `created_at`) VALUES
	(1, 1, '2020-08-31 19:48:56'),
	(2, 1, '2020-09-01 12:41:26'),
	(3, 1, '2020-09-01 19:45:14');
/*!40000 ALTER TABLE `cart` ENABLE KEYS */;

DROP TABLE IF EXISTS `cart_article`;
CREATE TABLE IF NOT EXISTS `cart_article` (
  `cart_article_id` int unsigned NOT NULL AUTO_INCREMENT,
  `cart_id` int unsigned NOT NULL DEFAULT '0',
  `article_id` int unsigned NOT NULL DEFAULT '0',
  `quantity` decimal(10,2) unsigned NOT NULL DEFAULT '0.00',
  PRIMARY KEY (`cart_article_id`),
  UNIQUE KEY `uq_cart_article_cart_id_article_id` (`cart_id`,`article_id`),
  KEY `fk_cart_article_article_id` (`article_id`),
  CONSTRAINT `fk_cart_article_article_id` FOREIGN KEY (`article_id`) REFERENCES `article` (`article_id`) ON UPDATE CASCADE,
  CONSTRAINT `fk_cart_article_cart_id` FOREIGN KEY (`cart_id`) REFERENCES `cart` (`cart_id`) ON UPDATE CASCADE
) ENGINE=InnoDB AUTO_INCREMENT=5 DEFAULT CHARSET=utf8mb4 COLLATE=utf8mb4_0900_ai_ci;

DELETE FROM `cart_article`;
/*!40000 ALTER TABLE `cart_article` DISABLE KEYS */;
INSERT INTO `cart_article` (`cart_article_id`, `cart_id`, `article_id`, `quantity`) VALUES
	(1, 1, 1, 7.00),
	(2, 1, 2, 0.00),
	(3, 2, 2, 2.00),
	(4, 3, 1, 2.00);
/*!40000 ALTER TABLE `cart_article` ENABLE KEYS */;

DROP TABLE IF EXISTS `category`;
CREATE TABLE IF NOT EXISTS `category` (
  `category_id` int unsigned NOT NULL AUTO_INCREMENT,
  `name` varchar(32) NOT NULL DEFAULT '0',
  `image_path` varchar(128) NOT NULL DEFAULT '0',
  `parent_category_id` int unsigned DEFAULT NULL,
  PRIMARY KEY (`category_id`),
  UNIQUE KEY `uq_category_name` (`name`),
  UNIQUE KEY `uq_category_image_path` (`image_path`),
  KEY `fk_category_parent_category_id` (`parent_category_id`),
  CONSTRAINT `fk_category_parent_category_id` FOREIGN KEY (`parent_category_id`) REFERENCES `category` (`category_id`) ON UPDATE CASCADE
) ENGINE=InnoDB AUTO_INCREMENT=7 DEFAULT CHARSET=utf8mb4 COLLATE=utf8mb4_0900_ai_ci;

DELETE FROM `category`;
/*!40000 ALTER TABLE `category` DISABLE KEYS */;
INSERT INTO `category` (`category_id`, `name`, `image_path`, `parent_category_id`) VALUES
	(1, 'Prozori', 'assets/prozor.jpg', NULL),
	(2, 'Vrata', 'assets/vrata.jpg', NULL),
	(3, 'Promo linija', 'assets/prozor/jendokrilini.jpg', 1),
	(4, 'PVC dvokrilni prozori', 'assets/prozor/dvokrilni.jpg', 1),
	(5, 'Elitna linija', 'assets/prozor/elitni/elipro.jpg', 4),
	(6, 'Basic Linija', 'assets/basic.jpg', NULL);
/*!40000 ALTER TABLE `category` ENABLE KEYS */;

DROP TABLE IF EXISTS `feature`;
CREATE TABLE IF NOT EXISTS `feature` (
  `feature_id` int unsigned NOT NULL AUTO_INCREMENT,
  `name` varchar(32) NOT NULL DEFAULT '0',
  `category_id` int unsigned NOT NULL DEFAULT '0',
  PRIMARY KEY (`feature_id`),
  UNIQUE KEY `uq_feature_name_category_id` (`name`,`category_id`),
  KEY `fk_feature_category_id` (`category_id`),
  CONSTRAINT `fk_feature_category_id` FOREIGN KEY (`category_id`) REFERENCES `category` (`category_id`) ON UPDATE CASCADE
) ENGINE=InnoDB AUTO_INCREMENT=12 DEFAULT CHARSET=utf8mb4 COLLATE=utf8mb4_0900_ai_ci;

DELETE FROM `feature`;
/*!40000 ALTER TABLE `feature` DISABLE KEYS */;
INSERT INTO `feature` (`feature_id`, `name`, `category_id`) VALUES
	(8, 'ALU ', 3),
	(11, 'Dvoslojni', 3),
	(3, 'Dvoslojni', 5),
	(1, 'Jednoslojni', 3),
	(9, 'primer', 2),
	(10, 'primer2', 2),
	(2, 'PVC', 5);
/*!40000 ALTER TABLE `feature` ENABLE KEYS */;

DROP TABLE IF EXISTS `order`;
CREATE TABLE IF NOT EXISTS `order` (
  `order_id` int unsigned NOT NULL AUTO_INCREMENT,
  `created_at` timestamp NOT NULL DEFAULT CURRENT_TIMESTAMP,
  `cart_id` int unsigned NOT NULL DEFAULT '0',
  `status` enum('rejected','accepted','shipped','pending') NOT NULL DEFAULT 'pending',
  PRIMARY KEY (`order_id`),
  UNIQUE KEY `uq_order_cart_id` (`cart_id`),
  CONSTRAINT `fk_order_cart_id` FOREIGN KEY (`cart_id`) REFERENCES `cart` (`cart_id`) ON UPDATE CASCADE
) ENGINE=InnoDB AUTO_INCREMENT=4 DEFAULT CHARSET=utf8mb4 COLLATE=utf8mb4_0900_ai_ci;

DELETE FROM `order`;
/*!40000 ALTER TABLE `order` DISABLE KEYS */;
INSERT INTO `order` (`order_id`, `created_at`, `cart_id`, `status`) VALUES
	(1, '2020-09-01 12:38:42', 1, 'pending'),
	(2, '2020-09-01 12:42:06', 2, 'pending'),
	(3, '2020-09-01 20:35:00', 3, 'rejected');
/*!40000 ALTER TABLE `order` ENABLE KEYS */;

DROP TABLE IF EXISTS `photo`;
CREATE TABLE IF NOT EXISTS `photo` (
  `photo_id` int unsigned NOT NULL AUTO_INCREMENT,
  `article_id` int unsigned NOT NULL DEFAULT '0',
  `image_path` varchar(128) NOT NULL DEFAULT '0',
  PRIMARY KEY (`photo_id`),
  UNIQUE KEY `uq_photo_image_path` (`image_path`),
  KEY `fk_photo_article_id` (`article_id`),
  CONSTRAINT `fk_photo_article_id` FOREIGN KEY (`article_id`) REFERENCES `article` (`article_id`) ON UPDATE CASCADE
) ENGINE=InnoDB AUTO_INCREMENT=7 DEFAULT CHARSET=utf8mb4 COLLATE=utf8mb4_0900_ai_ci;

DELETE FROM `photo`;
/*!40000 ALTER TABLE `photo` DISABLE KEYS */;
INSERT INTO `photo` (`photo_id`, `article_id`, `image_path`) VALUES
	(4, 2, '2020829-9621021348-pvc-prozor.jpg'),
	(5, 2, '2020829-9799697921-pvc-prozor.jpg');
/*!40000 ALTER TABLE `photo` ENABLE KEYS */;

DROP TABLE IF EXISTS `user`;
CREATE TABLE IF NOT EXISTS `user` (
  `user_id` int unsigned NOT NULL AUTO_INCREMENT,
  `email` varchar(255) NOT NULL DEFAULT '0',
  `password_hash` varchar(128) NOT NULL DEFAULT '0',
  `forename` varchar(64) NOT NULL DEFAULT '0',
  `surname` varchar(64) NOT NULL DEFAULT '0',
  `phone_number` varchar(24) NOT NULL DEFAULT '0',
  `postal_address` text CHARACTER SET utf8mb4 COLLATE utf8mb4_0900_ai_ci NOT NULL,
  PRIMARY KEY (`user_id`),
  UNIQUE KEY `uq_user_email` (`email`),
  UNIQUE KEY `uq_user_phone_number` (`phone_number`)
) ENGINE=InnoDB AUTO_INCREMENT=5 DEFAULT CHARSET=utf8mb4 COLLATE=utf8mb4_0900_ai_ci;

DELETE FROM `user`;
/*!40000 ALTER TABLE `user` DISABLE KEYS */;
INSERT INTO `user` (`user_id`, `email`, `password_hash`, `forename`, `surname`, `phone_number`, `postal_address`) VALUES
	(1, 'test@test.rs', '3C9909AFEC25354D551DAE21590BB26E38D53F2173B8D3DC3EEE4C047E7AB1C1EB8B85103E3BE7BA613B31BB5C9C36214DC9F14A42FD7A2FDB84856BCA5C44C2', 'Luka', 'Lukic', '+222222222', 'Neka adresa bb, Neki grad, Negde'),
	(3, 'test2@test.rs', '3C9909AFEC25354D551DAE21590BB26E38D53F2173B8D3DC3EEE4C047E7AB1C1EB8B85103E3BE7BA613B31BB5C9C36214DC9F14A42FD7A2FDB84856BCA5C44C2', 'Luka2', 'Lukic2', '+232222222', 'Neka adresa bb 2, Neki grad, Negde'),
	(4, 'test322@test.rs', '071F4B5D4582D1BF221AF1754E1D515A7CB1D47BE66512CFEDB781D9E978DA49BBF21088952C20D3C88AEFF03FD0E5411C2B32D4BE132EE06E0B64C8A7232D4F', 'Lukans', 'Lukiins', '+381113000000', 'Neka adresa bb 23, Neki grad, Negde');
/*!40000 ALTER TABLE `user` ENABLE KEYS */;

DROP TABLE IF EXISTS `user_token`;
CREATE TABLE IF NOT EXISTS `user_token` (
  `user_token_id` int unsigned NOT NULL AUTO_INCREMENT,
  `user_id` int unsigned NOT NULL,
  PRIMARY KEY (`user_token_id`)
) ENGINE=InnoDB DEFAULT CHARSET=utf8mb4 COLLATE=utf8mb4_0900_ai_ci;

DELETE FROM `user_token`;
/*!40000 ALTER TABLE `user_token` DISABLE KEYS */;
/*!40000 ALTER TABLE `user_token` ENABLE KEYS */;

/*!40101 SET SQL_MODE=IFNULL(@OLD_SQL_MODE, '') */;
/*!40014 SET FOREIGN_KEY_CHECKS=IF(@OLD_FOREIGN_KEY_CHECKS IS NULL, 1, @OLD_FOREIGN_KEY_CHECKS) */;
/*!40101 SET CHARACTER_SET_CLIENT=@OLD_CHARACTER_SET_CLIENT */;
